<?xml version="1.0" encoding="UTF-8"?>
<beans:beans xmlns="http://www.springframework.org/schema/mvc"
xmlns:xsi="http://www.w3.org/2001/XMLSchema-instance"
xmlns:beans="http://www.springframework.org/schema/beans"
xmlns:context="http://www.springframework.org/schema/context"
xsi:schemaLocation="http://www.springframework.org/schema/mvc http://www.springframework.org/schema/mvc/spring-mvc.xsd
http://www.springframework.org/schema/beans http://www.springframework.org/schema/beans/spring-beans.xsd
http://www.springframework.org/schema/context http://www.springframework.org/schema/context/spring-context.xsd">

<!-- DispatcherServlet Context: defines this servlet's request-processing infrastructure -->

<!-- Enables the Spring MVC @Controller programming model -->
<annotation-driven />

<beans:bean class="org.springframework.web.servlet.mvc.method.annotation.RequestMappingHandlerAdapter">
        <beans:property name="messageConverters">
            <beans:list>
                <beans:ref bean="jsonMessageConverter"/>
            </beans:list>
        </beans:property>
    </beans:bean>
    
    <!-- Configure bean to convert JSON to POJO and vice versa -->
    <beans:bean id="jsonMessageConverter" class="org.springframework.http.converter.json.MappingJackson2HttpMessageConverter">
    </beans:bean>   
<context:component-scan base-package="com.ofs.training" />



</beans:beans>
