1,Hassan khan1 Street,Mittoor,517001
2,Hassan khan2 Street,Mittoor,517001
3,Hassan khan3 Street,Mittoor,517001
4,Hassan khan4 Street,Mittoor,517001
5,Hassan khan5 Street,Mittoor,517001
6,Hassan khan6 Street,Mittoor,517001
7,Hassan khan7 Street,Mittoor,517001
8,Hassan khan8 Street,Mittoor,517001
9,Hassan khan9 Street,Mittoor,517001
10,Hassan1 khan Street,Mittoor,517001
11,Hassan1 khan Street,Mittoor,517002
12,Hassan1 khan Street,Mittoor,517003
13,Hassan1 khan Street,Mittoor,517004
14,Hassan1 khan Street,Mittoor,517005
15,Hassan1 khan Street,Mittoor,517006
16,Hassan1 khan Street,Mittoor,517007
17,Hassan1 khan Street,Mittoor,517008
18,Hassan1 khan Street,Mittoor,517009
19,Hassan1 khan Street,Mittoor,517011
20,Hassan1 khan Street,Mittoor,517012
21,Hassan1 khan Street,Mittoor,517013
22,Hassan1 khan Street,Mittoor,517014
23,Hassan1 khan Street,Mittoor,517015