<?xml version="1.0" encoding="UTF-8"?>
<hibernate-mapping>
	<class name="com.ofs.training.model.Address" table="address" >
		<id name="id" type="long">
			<column name="id" />
			<generator class="identity" />
		</id>
		<property name="street" type="string">
			<column name="street" />
		</property>
		<property name="city" type="string">
			<column name="city" />
		</property>
		<property name="postalCode" type="int">
			<column name="postal_code" />
		</property>
		<one-to-one name="person" class="com.ofs.training.model.Person"
			cascade="save-update" />
	</class>
</hibernate-mapping>
