<?xml version="1.0" encoding="UTF-8"?>
<hibernate-configuration>
    <session-factory>
        <property name="hibernate.connection.driver_class">com.mysql.jdbc.Driver</property>
        <property name="hibernate.connection.password">demo</property>
        <property name="hibernate.connection.url">jdbc:mysql://pc1620:3306/agrasha_janarthanan</property>
        <property name="hibernate.connection.username">agrasha_janarthanan</property>
        <property name="hibernate.dialect">org.hibernate.dialect.MySQLDialect</property>
        
        <property name="hibernate.current_session_context_class">thread</property>
        <property name="hibernate.show_sql">true</property>
        
        <mapping class="com.ofs.training.model.AddressAnnot"/>
        <mapping class="com.ofs.training.model.PersonAnnot"/>
    </session-factory>
</hibernate-configuration>
