<?xml version="1.0" encoding="UTF-8"?>
<hibernate-mapping>
	<class name="com.ofs.training.model.Person" table="person">
		<id name="id" type="long">
			<column name="txn_id" />
			<generator class="foreign">
				<param name="property">addressId</param>
			</generator>
		</id>
		<one-to-one name="address" class="com.ofs.training.model.Address"
			constrained="true"></one-to-one>

		<property name="firstName" type="string">
			<column name="first_name"></column>
		</property>
		<property name="lastName" type="string">
			<column name="last_name"></column>
		</property>
		<property name="email" type="string">
			<column name="email"></column>
		</property>
		<property name="birthDate" type="date">
			<column name="birth_date"></column>
		</property>
		<property name="createdDate" type="timeStamp">
			<column name="created_date"></column>
		</property>
		<property name="isAdmin" type="boolean">
			<column name="is_admin"></column>
		</property>
		<property name="addressId" type="long">
			<column name="address_id"></column>
		</property>
	</class>
</hibernate-mapping>
